id,category_he,category_en,question_he,display_order,asset_type,search_keywords_hebrew,created_at,updated_at
1,אבחון דופק ולשון,Pulse & Tongue Diagnosis,מה המשמעות הקלינית של לשון חיוורת ונפוחה עם סימני שיניים?,1,quick_question,,2026-01-29 18:00:00+00,2026-01-29 17:05:43.83851+00
2,אבחון דופק ולשון,Pulse & Tongue Diagnosis,על מה מעיד חיפוי לשון צהוב ועבה במחמם האמצעי?,2,quick_question,,2026-01-29 18:00:00+00,2026-01-29 17:05:43.83851+00
3,אבחון דופק ולשון,Pulse & Tongue Diagnosis,מה ההבדל באבחנה בין לשון סגולה (Purple) לבין לשון אדומה כהה (Crimson)?,3,quick_question,,2026-01-29 18:00:00+00,2026-01-29 17:05:43.83851+00
4,אבחון דופק ולשון,Pulse & Tongue Diagnosis,מהי המשמעות של חריץ מרכזי המגיע עד קצה הלשון?,4,quick_question,,2026-01-29 18:00:00+00,2026-01-29 17:05:43.83851+00
5,אבחון דופק ולשון,Pulse & Tongue Diagnosis,מה מעיד קצה לשון אדום מאוד עם נקודות אדומות (Red Points)?,5,quick_question,,2026-01-29 18:00:00+00,2026-01-29 17:05:43.83851+00
6,אבחון דופק ולשון,Pulse & Tongue Diagnosis,כיצד מתבטא חוסר יין (Yin Def) במראה הלשון?,6,quick_question,,2026-01-29 18:00:00+00,2026-01-29 17:05:43.83851+00
7,אבחון דופק ולשון,Pulse & Tongue Diagnosis,"האם ורידים תת-לשוניים (Sublingual) כהים מוזכרים, ומה משמעותם?",7,quick_question,,2026-01-29 18:00:00+00,2026-01-29 17:05:43.83851+00
8,אבחון דופק ולשון,Pulse & Tongue Diagnosis,מה המשמעות של לשון רועדת (Quivering) אצל מטופל מבוגר?,8,quick_question,,2026-01-29 18:00:00+00,2026-01-29 17:05:43.83851+00
9,אבחון דופק ולשון,Pulse & Tongue Diagnosis,מה ההבדל בין דופק מהיר (Rapid) לדופק דהור (Racing/Hurried)?,9,quick_question,,2026-01-29 18:00:00+00,2026-01-29 17:05:43.83851+00
10,אריכות ימים ואיכות חיים,Longevity & Dignity,"במשפט אחד, מהו הקושי הבריאותי העיקרי שמפריע לאיכות החיים שלך כיום?",10,quick_question,,2026-01-29 18:00:00+00,2026-01-29 17:05:43.83851+00
11,אריכות ימים ואיכות חיים,Longevity & Dignity,"האם היציאות שלך סדירות, או שאת/ה סובל/ת מעצירות כרונית או משלשולים תכופים?",11,quick_question,,2026-01-29 18:00:00+00,2026-01-29 17:05:43.83851+00
12,אריכות ימים ואיכות חיים,Longevity & Dignity,"האם יש לך תיאבון בריא ואת/ה מצליח/ה לשמור על משקל יציב, או שיש ירידה במשקל ובחשק לאכול?",12,quick_question,,2026-01-29 18:00:00+00,2026-01-29 17:05:43.83851+00
13,אריכות ימים ואיכות חיים,Longevity & Dignity,האם את/ה חווה קוצר נשימה או התעייפות מהירה גם במאמץ קל?,13,quick_question,,2026-01-29 18:00:00+00,2026-01-29 17:05:43.83851+00
14,אריכות ימים ואיכות חיים,Longevity & Dignity,"האם שנת הלילה שלך שקטה, או שאת/ה מתעורר/ת לעיתים קרובות?",14,quick_question,,2026-01-29 18:00:00+00,2026-01-29 17:05:43.83851+00
15,אריכות ימים ואיכות חיים,Longevity & Dignity,"האם את/ה מרגיש/ה לעיתים סחרחורת, חוסר יציבות בהליכה, או חשש מנפילה?",15,quick_question,,2026-01-29 18:00:00+00,2026-01-29 17:05:43.83851+00
16,אריכות ימים ואיכות חיים,Longevity & Dignity,האם כאבים במפרקים או בגב מגבילים את התנועה שלך בבית או בחוץ?,16,quick_question,,2026-01-29 18:00:00+00,2026-01-29 17:05:43.83851+00
17,אריכות ימים ואיכות חיים,Longevity & Dignity,"האם את/ה סובל/ת מקור קיצוני בכפות הידיים והרגליים, או דווקא מגלי חום והזעה?",17,quick_question,,2026-01-29 18:00:00+00,2026-01-29 17:05:43.83851+00
18,אריכות ימים ואיכות חיים,Longevity & Dignity,"האם את/ה או הקרובים אליך מבחינים בשינויים בזיכרון, בלבול, או קושי בריכוז לאחרונה?",18,quick_question,,2026-01-29 18:00:00+00,2026-01-29 17:05:43.83851+00
19,אריכות ימים ואיכות חיים,Longevity & Dignity,"האם מצב הרוח שלך יציב, או שאת/ה חווה תקופות של עצבות עמוקה, חרדה או תחושת בדידות?",19,quick_question,,2026-01-29 18:00:00+00,2026-01-29 17:05:43.83851+00
20,אריכות ימים ואיכות חיים,Longevity & Dignity,"האם את/ה נתקל/ת בקושי לשלוט בשתן, או בקושי להתחיל במתן שתן?",20,quick_question,,2026-01-29 18:00:00+00,2026-01-29 17:05:43.83851+00
21,אריכות ימים ואיכות חיים,Longevity & Dignity,האם חלה ירידה משמעותית בראייה או בשמיעה שמפריעה לך בתקשורת עם הסביבה?,21,quick_question,,2026-01-29 18:00:00+00,2026-01-29 17:05:43.83851+00
22,אריכות ימים ואיכות חיים,Longevity & Dignity,האם ריבוי התרופות גורם לך לתופעות לוואי במערכת העיכול?,22,quick_question,,2026-01-29 18:00:00+00,2026-01-29 17:05:43.83851+00
23,אריכות ימים ואיכות חיים,Longevity & Dignity,מהו הדבר החשוב לך ביותר לשמר בשנים הקרובות?,23,quick_question,,2026-01-29 18:00:00+00,2026-01-29 17:05:43.83851+00
24,איזון וחיזוק (מבוגרים),Balance & Strength (Adults),"במשפט אחד, מהו האתגר הבריאותי המרכזי שמונע ממך להרגיש במיטבך כיום?",24,quick_question,,2026-01-29 18:00:00+00,2026-01-29 17:05:43.83851+00
25,איזון וחיזוק (מבוגרים),Balance & Strength (Adults),"כיצד את/ה חווה מתח בחיי היומיום? (התפרצויות כעס, תחושת תקיעות בגרון/חזה, חרדה)",25,quick_question,,2026-01-29 18:00:00+00,2026-01-29 17:05:43.83851+00
26,איזון וחיזוק (מבוגרים),Balance & Strength (Adults),(לנשים) האם המחזור החודשי שלך סדיר? האם את סובלת מכאבים חזקים או PMS?,26,quick_question,,2026-01-29 18:00:00+00,2026-01-29 17:05:43.83851+00
27,איזון וחיזוק (מבוגרים),Balance & Strength (Adults),"האם את/ה סובל/ת מנפיחות בבטן, צרבות, IBS או עייפות בולטת לאחר ארוחות?",27,quick_question,,2026-01-29 18:00:00+00,2026-01-29 17:05:43.83851+00
28,איזון וחיזוק (מבוגרים),Balance & Strength (Adults),"בסולם של 1-10, כמה אנרגיה יש לך באמצע היום? האם את/ה זקוק/ה לקפה כדי לתפקד?",28,quick_question,,2026-01-29 18:00:00+00,2026-01-29 17:05:43.83851+00
29,איזון וחיזוק (מבוגרים),Balance & Strength (Adults),"האם את/ה סובל/ת מכאבי ראש, מיגרנות, או מתח כרוני באזור הכתפיים והצוואר?",29,quick_question,,2026-01-29 18:00:00+00,2026-01-29 17:05:43.83851+00
30,איזון וחיזוק (מבוגרים),Balance & Strength (Adults),"האם יש לך פציעות ספורט ישנות שחוזרות להציק, או כאבי גב תחתון?",30,quick_question,,2026-01-29 18:00:00+00,2026-01-29 17:05:43.83851+00
31,איזון וחיזוק (מבוגרים),Balance & Strength (Adults),"האם הידיים והרגליים שלך נוטות להיות קרות תמיד, או שאת/ה סובל/ת מחום והזעת יתר?",31,quick_question,,2026-01-29 18:00:00+00,2026-01-29 17:05:43.83851+00
32,איזון וחיזוק (מבוגרים),Balance & Strength (Adults),"האם את/ה נוטה לחלות לעיתים קרובות, או סובל/ת מאלרגיות עונתיות וסינוסיטיס?",32,quick_question,,2026-01-29 18:00:00+00,2026-01-29 17:05:43.83851+00
33,איזון וחיזוק (מבוגרים),Balance & Strength (Adults),"האם העור שלך נוטה לאקנה, אדמומיות, פריחות או יובש קיצוני?",33,quick_question,,2026-01-29 18:00:00+00,2026-01-29 17:05:43.83851+00
34,איזון וחיזוק (מבוגרים),Balance & Strength (Adults),"האם אורח החיים שלך כולל ישיבה ממושכת, או פעילות גופנית אינטנסיבית מדי?",34,quick_question,,2026-01-29 18:00:00+00,2026-01-29 17:05:43.83851+00
35,איזון וחיזוק (מבוגרים),Balance & Strength (Adults),"האם יש לך חשקים עזים וספציפיים (מתוק, מלוח, שומני) כשאת/ה עייף/ה או לחוץ/ה?",35,quick_question,,2026-01-29 18:00:00+00,2026-01-29 17:05:43.83851+00
36,איזון וחיזוק (מבוגרים),Balance & Strength (Adults),"אם הטיפול יצליח מעבר למצופה, איך ייראו החיים שלך בעוד 3 חודשים מהיום?",36,quick_question,,2026-01-29 18:00:00+00,2026-01-29 17:05:43.83851+00
37,שיקום וטיפול בכאב,Pain Rehabilitation,"במשפט אחד, מהי הפציעה או הטראומה העיקרית שמביאה אותך לטיפול היום?",37,quick_question,,2026-01-29 18:00:00+00,2026-01-29 17:05:43.83851+00
38,שיקום וטיפול בכאב,Pain Rehabilitation,"כיצד היית מתאר/ת את הכאב? האם הוא חד ודוקר, עמום ולוחץ, או שורף?",38,quick_question,,2026-01-29 18:00:00+00,2026-01-29 17:05:43.83851+00
39,שיקום וטיפול בכאב,Pain Rehabilitation,"האם הכאב מחמיר באופן משמעותי בלילה, או אפילו מעיר אותך משינה?",39,quick_question,,2026-01-29 18:00:00+00,2026-01-29 17:05:43.83851+00
40,שיקום וטיפול בכאב,Pain Rehabilitation,האם את/ה מרגיש/ה החמרה בכאב או בנוקשות כשמזג האוויר משתנה?,40,quick_question,,2026-01-29 18:00:00+00,2026-01-29 17:05:43.83851+00
41,שיקום וטיפול בכאב,Pain Rehabilitation,האם את/ה סובל/ת מנוקשות שמגבילה את טווח התנועה?,41,quick_question,,2026-01-29 18:00:00+00,2026-01-29 17:05:43.83851+00
42,שיקום וטיפול בכאב,Pain Rehabilitation,"האם המקום הפגוע מרגיש חם למגע ואדום, או קר ונוטה להכחיל?",42,quick_question,,2026-01-29 18:00:00+00,2026-01-29 17:05:43.83851+00
43,שיקום וטיפול בכאב,Pain Rehabilitation,"האם יש תחושת נימול, הירדמות, או זרמים חשמליים המקרינים מהאזור הפגוע לגפיים?",43,quick_question,,2026-01-29 18:00:00+00,2026-01-29 17:05:43.83851+00
44,שיקום וטיפול בכאב,Pain Rehabilitation,"האם הכאב קשור לתנוחת עבודה (ישיבה ממושכת מול מחשב, עמידה על הרגליים)?",44,quick_question,,2026-01-29 18:00:00+00,2026-01-29 17:05:43.83851+00
45,שיקום וטיפול בכאב,Pain Rehabilitation,האם הכאב מוחמר בתקופות של מתח רגשי או עומס נפשי?,45,quick_question,,2026-01-29 18:00:00+00,2026-01-29 17:05:43.83851+00
46,שיקום וטיפול בכאב,Pain Rehabilitation,"האם הכאב הנוכחי קשור לטראומה ישנה (תאונת דרכים, נפילה מלפני שנים) שמעולם לא טופלה כראוי?",46,quick_question,,2026-01-29 18:00:00+00,2026-01-29 17:05:43.83851+00
47,שיקום וטיפול בכאב,Pain Rehabilitation,"אילו תרופות או משככי כאבים את/ה נוטל/ת באופן קבוע, ומה רמת ההקלה שהם מספקים?",47,quick_question,,2026-01-29 18:00:00+00,2026-01-29 17:05:43.83851+00
48,שיקום וטיפול בכאב,Pain Rehabilitation,"אילו טיפולים ניסית בעבר לבעיה זו (פיזיותרפיה, כירופרקטיקה, הזרקות)?",48,quick_question,,2026-01-29 18:00:00+00,2026-01-29 17:05:43.83851+00
49,שיקום וטיפול בכאב,Pain Rehabilitation,מהי הפעולה הספציפית שתרצה/י לחזור לעשות ללא כאב?,49,quick_question,,2026-01-29 18:00:00+00,2026-01-29 17:05:43.83851+00
50,בהירות וחוסן מנטלי,Mental Clarity & Resilience,"האם את/ה שם/ה לב לירידה בזיכרון לטווח קצר, או קושי לשלוף מילים?",50,quick_question,,2026-01-29 18:00:00+00,2026-01-29 17:05:43.83851+00
51,בהירות וחוסן מנטלי,Mental Clarity & Resilience,"כיצד את/ה מגיב/ה לדד-ליין או ללחץ? האם את/ה נכנס/ת לחרדה וקיפאון, או פועל/ת?",51,quick_question,,2026-01-29 18:00:00+00,2026-01-29 17:05:43.83851+00
52,בהירות וחוסן מנטלי,Mental Clarity & Resilience,"האם את/ה רגיש/ה מאוד לרעשים חזקים, המונים, או למצבי רוח של אנשים אחרים?",52,quick_question,,2026-01-29 18:00:00+00,2026-01-29 17:05:43.83851+00
53,בהירות וחוסן מנטלי,Mental Clarity & Resilience,האם את/ה מאבד/ת סבלנות מהר או מתרגז/ת בקלות כשדברים לא מסתדרים?,53,quick_question,,2026-01-29 18:00:00+00,2026-01-29 17:05:43.83851+00
54,בהירות וחוסן מנטלי,Mental Clarity & Resilience,"האם בבוקר המוח שלך צלול, או שאת/ה מתעורר/ת עם תחושת כבדות וערפל?",54,quick_question,,2026-01-29 18:00:00+00,2026-01-29 17:05:43.83851+00
55,בהירות וחוסן מנטלי,Mental Clarity & Resilience,האם קשה לך להתמודד עם שינויים בלתי צפויים בתוכניות?,55,quick_question,,2026-01-29 18:00:00+00,2026-01-29 17:05:43.83851+00
56,בהירות וחוסן מנטלי,Mental Clarity & Resilience,האם אינטראקציה חברתית ממושכת מרוקנת אותך מאנרגיה מנטלית?,56,quick_question,,2026-01-29 18:00:00+00,2026-01-29 17:05:43.83851+00
57,בהירות וחוסן מנטלי,Mental Clarity & Resilience,"מהו הכוח המנטלי שהכי היית רוצה לחזק? (מיקוד, רוגע, זיכרון, או ביטחון עצמי)",57,quick_question,,2026-01-29 18:00:00+00,2026-01-29 17:05:43.83851+00
58,בקרת אקלים פנימית,Internal Climate Control,"האם את/ה מרגיש/ה שינויים פיזיים בגוף (כאבי ראש, מפרקים, עייפות) עוד לפני שמזג האוויר משתנה בחוץ?",58,quick_question,,2026-01-29 18:00:00+00,2026-01-29 17:05:43.83851+00
59,בקרת אקלים פנימית,Internal Climate Control,האם את/ה סובל/ת יותר בחום הקיץ או בקור החורף?,59,quick_question,,2026-01-29 18:00:00+00,2026-01-29 17:05:43.83851+00
60,בקרת אקלים פנימית,Internal Climate Control,"האם חשיפה לרוח חזקה או למזגן ישיר גורמת לך לכאבי ראש, צוואר תפוס או צינון מיידי?",60,quick_question,,2026-01-29 18:00:00+00,2026-01-29 17:05:43.83851+00
61,בקרת אקלים פנימית,Internal Climate Control,"האם את/ה נוטה לסבול מיובש קיצוני (עור סדוק, צמא תמידי, שיעול יבש) בסביבות ממוזגות?",61,quick_question,,2026-01-29 18:00:00+00,2026-01-29 17:05:43.83851+00
62,בקרת אקלים פנימית,Internal Climate Control,האם כאבי הראש שלך מופיעים בעיקר כשחם מאוד או כשיש לחץ ברומטרי נמוך/סופות?,62,quick_question,,2026-01-29 18:00:00+00,2026-01-29 17:05:43.83851+00
63,בקרת אקלים פנימית,Internal Climate Control,האם את/ה חווה קשיי נשימה או החמרה באלרגיות בעונות מעבר?,63,quick_question,,2026-01-29 18:00:00+00,2026-01-29 17:05:43.83851+00
64,בקרת אקלים פנימית,Internal Climate Control,האם את/ה סובל/ת משלשולים או חוסר נוחות בבטן בקיץ או מכאבי בטן בחורף?,64,quick_question,,2026-01-29 18:00:00+00,2026-01-29 17:05:43.83851+00
65,בקרת אקלים פנימית,Internal Climate Control,האם העור שלך מגיב בפריחות מגרדות בחום או באקזמה וסדקים בקור?,65,quick_question,,2026-01-29 18:00:00+00,2026-01-29 17:05:43.83851+00
66,בקרת אקלים פנימית,Internal Climate Control,האם את/ה מתקשה להתעורר או לתפקד בימים אפורים וחסרי שמש?,66,quick_question,,2026-01-29 18:00:00+00,2026-01-29 17:05:43.83851+00
67,בקרת אקלים פנימית,Internal Climate Control,"האם את/ה מרגיש/ה מיובש/ת באופן כרוני למרות שתייה מרובה, או שאת/ה צובר/ת נוזלים בקלות?",67,quick_question,,2026-01-29 18:00:00+00,2026-01-29 17:05:43.83851+00
68,בקרת אקלים פנימית,Internal Climate Control,האם השינה שלך מופרעת יותר בלילות חמים או שאת/ה מתעורר/ת מקור?,68,quick_question,,2026-01-29 18:00:00+00,2026-01-29 17:05:43.83851+00
69,בקרת אקלים פנימית,Internal Climate Control,אם הטיפול יכול לעזור לך להתמודד עם עונה אחת בלבד בצורה מושלמת – איזו עונה הכי קשה לך כיום?,69,quick_question,,2026-01-29 18:00:00+00,2026-01-29 17:05:43.83851+00
70,חיוניות ואריכות ימים,Vitality & Longevity,"האם את/ה מרגיש/ה שהאנרגיה שלך נגמרת בשעות הצהריים, או שיש לך כוח יציב לאורך כל היום?",70,quick_question,,2026-01-29 18:00:00+00,2026-01-29 17:05:43.83851+00
71,חיוניות ואריכות ימים,Vitality & Longevity,"האם את/ה מתעורר/ת מספר פעמים בלילה, או מתקשה לחזור לישון לפנות בוקר?",71,quick_question,,2026-01-29 18:00:00+00,2026-01-29 17:05:43.83851+00
72,חיוניות ואריכות ימים,Vitality & Longevity,"האם חל שינוי בתחושת הטמפרטורה שלך לאחרונה – גלי חום פתאומיים, או תחושת קור עמוקה?",72,quick_question,,2026-01-29 18:00:00+00,2026-01-29 17:05:43.83851+00
73,חיוניות ואריכות ימים,Vitality & Longevity,"האם את/ה מרגיש/ה ירידה בחדות הזיכרון לטווח קצר, או קושי לשלוף מילים?",73,quick_question,,2026-01-29 18:00:00+00,2026-01-29 17:05:43.83851+00
74,חיוניות ואריכות ימים,Vitality & Longevity,"כשאת/ה חולה או מבצע/ת מאמץ פיזי, האם לגוף לוקח זמן רב יותר לחזור לעצמו?",74,quick_question,,2026-01-29 18:00:00+00,2026-01-29 17:05:43.83851+00
75,חיוניות ואריכות ימים,Vitality & Longevity,האם את/ה סובל/ת מנוקשות בוקר במפרקים שמשתחררת רק אחרי תנועה וחימום?,75,quick_question,,2026-01-29 18:00:00+00,2026-01-29 17:05:43.83851+00
76,חיוניות ואריכות ימים,Vitality & Longevity,האם יש תחושת כבדות או נפיחות בבטן גם אחרי ארוחות קטנות וקלות?,76,quick_question,,2026-01-29 18:00:00+00,2026-01-29 17:05:43.83851+00
77,חיוניות ואריכות ימים,Vitality & Longevity,האם את/ה מרגיש/ה נימול או הירדמות של הגפיים בזמן מנוחה או בשינה?,77,quick_question,,2026-01-29 18:00:00+00,2026-01-29 17:05:43.83851+00
78,חיוניות ואריכות ימים,Vitality & Longevity,האם ישנו כאב קבוע המלווה אותך ומחמיר במזג אוויר קר או לח?,78,quick_question,,2026-01-29 18:00:00+00,2026-01-29 17:05:43.83851+00
79,חיוניות ואריכות ימים,Vitality & Longevity,"האם השינויים בחיים (ילדים עוזבים, פרישה) מעוררים בך תחושת חופש ושמחה, או ריקנות וחרדה?",79,quick_question,,2026-01-29 18:00:00+00,2026-01-29 17:05:43.83851+00
80,חיוניות ואריכות ימים,Vitality & Longevity,האם את/ה מוצא/ת את עצמך חסר/ת סבלנות או נוטה למצבי רוח דכדוכיים?,80,quick_question,,2026-01-29 18:00:00+00,2026-01-29 17:05:43.83851+00
81,חיוניות ואריכות ימים,Vitality & Longevity,האם את/ה נוטל/ת מספר תרופות מרשם באופן קבוע?,81,quick_question,,2026-01-29 18:00:00+00,2026-01-29 17:05:43.83851+00
82,חיוניות ואריכות ימים,Vitality & Longevity,"האם את/ה סובל/ת מיובש טורדני – בעיניים, בפה, בעור או בריריות?",82,quick_question,,2026-01-29 18:00:00+00,2026-01-29 17:05:43.83851+00
83,חיוניות ואריכות ימים,Vitality & Longevity,מהו הדבר האחד שתרצה/י להמשיך לעשות ב-10 השנים הבאות ללא הגבלה?,83,quick_question,,2026-01-29 18:00:00+00,2026-01-29 17:05:43.83851+00
84,חוסן חיסוני והתאוששות,Immune Shield & Recovery,"כשאת/ה מרגיש/ה סימנים ראשונים של מחלה, האם את/ה עוצר/ת ונח/ה, או ממשיך/ה בשגרה?",84,quick_question,,2026-01-29 18:00:00+00,2026-01-29 17:05:43.83851+00
85,חוסן חיסוני והתאוששות,Immune Shield & Recovery,"כאשר את/ה חולה, כמה זמן לוקח לך להחלים לחלוטין ולחזור לאנרגיה מלאה?",85,quick_question,,2026-01-29 18:00:00+00,2026-01-29 17:05:43.83851+00
86,חוסן חיסוני והתאוששות,Immune Shield & Recovery,"האם את/ה חשוף/ה באופן קבוע לאנשים חולים (עבודה בבית ספר, בית חולים)?",86,quick_question,,2026-01-29 18:00:00+00,2026-01-29 17:05:43.83851+00
87,חוסן חיסוני והתאוששות,Immune Shield & Recovery,"האם את/ה נוטה לסבול מקור, במיוחד בידיים וברגליים, או צמרמורות בקלות?",87,quick_question,,2026-01-29 18:00:00+00,2026-01-29 17:05:43.83851+00
88,חוסן חיסוני והתאוששות,Immune Shield & Recovery,האם את/ה שם/ה לב שחוסר שינה או תקופות עמוסות מובילים כמעט מייד למחלה?,88,quick_question,,2026-01-29 18:00:00+00,2026-01-29 17:05:43.83851+00
89,חוסן חיסוני והתאוששות,Immune Shield & Recovery,האם את/ה נוטה לחזור לפעילות גופנית מאומצת מיד כשאת/ה מרגיש/ה מעט יותר טוב?,89,quick_question,,2026-01-29 18:00:00+00,2026-01-29 17:05:43.83851+00
90,חוסן חיסוני והתאוששות,Immune Shield & Recovery,"האם את/ה מתעורר/ת בבוקר עם גודש באף, ליחה בגרון או התעטשויות?",90,quick_question,,2026-01-29 18:00:00+00,2026-01-29 17:05:43.83851+00
91,חוסן חיסוני והתאוששות,Immune Shield & Recovery,האם שינויים בתזונה (סוכר או מוצרי חלב) משפיעים לרעה על מערכת הנשימה שלך?,91,quick_question,,2026-01-29 18:00:00+00,2026-01-29 17:05:43.83851+00
92,חוסן חיסוני והתאוששות,Immune Shield & Recovery,האם את/ה חולה לעיתים קרובות דווקא בסופי שבוע או בחופשות (כשמפלס הלחץ יורד)?,92,quick_question,,2026-01-29 18:00:00+00,2026-01-29 17:05:43.83851+00
93,חוסן חיסוני והתאוששות,Immune Shield & Recovery,האם יש לך נטייה לשיעול מתמשך שנשאר שבועות אחרי שהצינון חלף?,93,quick_question,,2026-01-29 18:00:00+00,2026-01-29 17:05:43.83851+00
94,חוסן חיסוני והתאוששות,Immune Shield & Recovery,"האם את/ה מקפיד/ה על שתייה מספקת במהלך היום, או שאת/ה נוטה לשכוח לשתות?",94,quick_question,,2026-01-29 18:00:00+00,2026-01-29 17:05:43.83851+00
95,חוסן חיסוני והתאוששות,Immune Shield & Recovery,האם יש עונה מסוימת בשנה שבה הבריאות שלך תמיד מתערערת?,95,quick_question,,2026-01-29 18:00:00+00,2026-01-29 17:05:43.83851+00
96,חוסן חיסוני והתאוששות,Immune Shield & Recovery,מהי המטרה העיקרית שלך בחיזוק המערכת החיסונית?,96,quick_question,,2026-01-29 18:00:00+00,2026-01-29 17:05:43.83851+00
97,הזנת החיים (תזונה),Nourishing Life (Nutrition),"במשפט אחד, מהו האתגר התזונתי הגדול ביותר שלך כיום?",97,quick_question,,2026-01-29 18:00:00+00,2026-01-29 17:05:43.83851+00
98,הזנת החיים (תזונה),Nourishing Life (Nutrition),"האם את/ה אוכל/ת ארוחת בוקר? אם כן, האם היא חמה או קרה?",98,quick_question,,2026-01-29 18:00:00+00,2026-01-29 17:05:43.83851+00
99,הזנת החיים (תזונה),Nourishing Life (Nutrition),האם את/ה נוהג/ת לאכול ארוחות כבדות בשעות המאוחרות של הלילה?,99,quick_question,,2026-01-29 18:00:00+00,2026-01-29 17:05:43.83851+00
100,הזנת החיים (תזונה),Nourishing Life (Nutrition),מהי העדפת המזון שלך? מזון נא/קר או מזון מבושל וחם?,100,quick_question,,2026-01-29 18:00:00+00,2026-01-29 17:05:43.83851+00
101,הזנת החיים (תזונה),Nourishing Life (Nutrition),"האם את/ה מעדיף/ה לשתות מים קפואים/קרים מאוד, או משקאות חמים/פושרים?",101,quick_question,,2026-01-29 18:00:00+00,2026-01-29 17:05:43.83851+00
102,הזנת החיים (תזונה),Nourishing Life (Nutrition),"האם יש לך צורך עז במתוקים או בפחמימות, במיוחד בשעות אחר הצהריים?",102,quick_question,,2026-01-29 18:00:00+00,2026-01-29 17:05:43.83851+00
103,הזנת החיים (תזונה),Nourishing Life (Nutrition),"האם את/ה מוצא/ת את עצמך ממליח/ה את האוכל בצורה מוגזמת, או מחפש/ת טעמים חריפים?",103,quick_question,,2026-01-29 18:00:00+00,2026-01-29 17:05:43.83851+00
104,הזנת החיים (תזונה),Nourishing Life (Nutrition),"האם צריכת מוצרי חלב גורמת לך לליחה, נזלת או אי-נוחות בבטן?",104,quick_question,,2026-01-29 18:00:00+00,2026-01-29 17:05:43.83851+00
105,הזנת החיים (תזונה),Nourishing Life (Nutrition),האם אכילת סלט גדול או ירקות חיים גורמת לך לכאבי בטן או ליציאות רכות?,105,quick_question,,2026-01-29 18:00:00+00,2026-01-29 17:05:43.83851+00
106,הזנת החיים (תזונה),Nourishing Life (Nutrition),"האם את/ה חווה רעב תמידי שלא יודע שובע, או חוסר תיאבון מוחלט?",106,quick_question,,2026-01-29 18:00:00+00,2026-01-29 17:05:43.83851+00
107,הזנת החיים (תזונה),Nourishing Life (Nutrition),"האם את/ה נוטה לפנות לאוכל מנחם בזמנים של מתח, עצב או שעמום?",107,quick_question,,2026-01-29 18:00:00+00,2026-01-29 17:05:43.83851+00
108,הזנת החיים (תזונה),Nourishing Life (Nutrition),כמה כוסות קפה את/ה שותה ביום? האם את/ה מרגיש/ה שבלעדיו המערכת לא מתפקדת?,108,quick_question,,2026-01-29 18:00:00+00,2026-01-29 17:05:43.83851+00
109,הזנת החיים (תזונה),Nourishing Life (Nutrition),"אם היית יכול/ה לשנות הרגל תזונתי אחד בלבד שישפר את בריאותך, מה הוא היה?",109,quick_question,,2026-01-29 18:00:00+00,2026-01-29 17:05:43.83851+00
110,תסמונות זאנג-פו,Zang Fu Syndromes,מהי האטיולוגיה המרכזית לחוסר יאנג בכליות?,110,quick_question,,2026-01-29 18:00:00+00,2026-01-29 17:05:43.83851+00
111,תסמונות זאנג-פו,Zang Fu Syndromes,אילו סימפטומים מבדילים בין חוסר צ\'י בטחול לבין חוסר יאנג בטחול?,111,quick_question,,2026-01-29 18:00:00+00,2026-01-29 17:05:43.83851+00
112,תסמונות זאנג-פו,Zang Fu Syndromes,מהו עקרון הטיפול המדויק לסטגנציה של צ\'י הכבד שהפכה לאש?,112,quick_question,,2026-01-29 18:00:00+00,2026-01-29 17:05:43.83851+00
113,תסמונות זאנג-פו,Zang Fu Syndromes,האם טיניטוס המופיע בקובץ שייך לסינדרום עודף או חוסר?,113,quick_question,,2026-01-29 18:00:00+00,2026-01-29 17:05:43.83851+00
114,תסמונות זאנג-פו,Zang Fu Syndromes,מה ההבדל באבחנה בין ליחה-אל-חומרית לבין ליחה-אש בלב?,114,quick_question,,2026-01-29 18:00:00+00,2026-01-29 17:05:43.83851+00
115,תסמונות זאנג-פו,Zang Fu Syndromes,מה ההבדל בין חוסר יין בריאות לבין יובש בריאות?,115,quick_question,,2026-01-29 18:00:00+00,2026-01-29 17:05:43.83851+00
116,תסמונות זאנג-פו,Zang Fu Syndromes,מהו הקשר בין חוסר יין בכליות לחוסר יאנג בכליות?,116,quick_question,,2026-01-29 18:00:00+00,2026-01-29 17:05:43.83851+00
117,תסמונות זאנג-פו,Zang Fu Syndromes,מהם הסימנים הקלאסיים של סטגנציית דם?,117,quick_question,,2026-01-29 18:00:00+00,2026-01-29 17:05:43.83851+00
118,תסמונות זאנג-פו,Zang Fu Syndromes,מהם הסימנים של הפרעה ב-Shen וכיצד מאבחנים את הדפוס?,118,quick_question,,2026-01-29 18:00:00+00,2026-01-29 17:05:43.83851+00
119,נקודות דיקור,Acupuncture Points,מהם המאפיינים המיוחדים של נקודות Yuan (מקור)?,119,quick_question,,2026-01-29 18:00:00+00,2026-01-29 17:05:43.83851+00
120,נקודות דיקור,Acupuncture Points,כיצד משתמשים בנקודות Luo (מחברות)?,120,quick_question,,2026-01-29 18:00:00+00,2026-01-29 17:05:43.83851+00
121,נקודות דיקור,Acupuncture Points,מהו תפקיד נקודות Xi-Cleft?,121,quick_question,,2026-01-29 18:00:00+00,2026-01-29 17:05:43.83851+00
122,נקודות דיקור,Acupuncture Points,כיצד נקודות Shu (גב) משמשות לאבחון וטיפול?,122,quick_question,,2026-01-29 18:00:00+00,2026-01-29 17:05:43.83851+00
123,נקודות דיקור,Acupuncture Points,מהן נקודות Mu (קדמיות) וכיצד משתמשים בהן?,123,quick_question,,2026-01-29 18:00:00+00,2026-01-29 17:05:43.83851+00
124,נקודות דיקור,Acupuncture Points,מהם עקרונות בחירת הנקודות המרוחקות?,124,quick_question,,2026-01-29 18:00:00+00,2026-01-29 17:05:43.83851+00
125,נקודות דיקור,Acupuncture Points,כיצד משלבים נקודות מקומיות עם נקודות מרוחקות?,125,quick_question,,2026-01-29 18:00:00+00,2026-01-29 17:05:43.83851+00
126,נקודות דיקור,Acupuncture Points,מהן נקודות Hui (השפעה) ולמה הן משמשות?,126,quick_question,,2026-01-29 18:00:00+00,2026-01-29 17:05:43.83851+00
127,נקודות דיקור,Acupuncture Points,כיצד נקודות Jing-Well משמשות במצבי חירום?,127,quick_question,,2026-01-29 18:00:00+00,2026-01-29 17:05:43.83851+00
128,נקודות דיקור,Acupuncture Points,מהו הקשר בין נקודות Five Elements לטיפול?,128,quick_question,,2026-01-29 18:00:00+00,2026-01-29 17:05:43.83851+00
129,נקודות דיקור,Acupuncture Points,כיצד בוחרים נקודות לפי שעון האיברים?,129,quick_question,,2026-01-29 18:00:00+00,2026-01-29 17:05:43.83851+00
130,נקודות דיקור,Acupuncture Points,מהן נקודות Windows of Heaven?,130,quick_question,,2026-01-29 18:00:00+00,2026-01-29 17:05:43.83851+00
131,נקודות דיקור,Acupuncture Points,כיצד נקודות Shen משפיעות על הרוח?,131,quick_question,,2026-01-29 18:00:00+00,2026-01-29 17:05:43.83851+00
132,נקודות דיקור,Acupuncture Points,מהן הנקודות לטיפול בדם?,132,quick_question,,2026-01-29 18:00:00+00,2026-01-29 17:05:43.83851+00
133,נקודות דיקור,Acupuncture Points,כיצד משתמשים בנקודות לפי עונות השנה?,133,quick_question,,2026-01-29 18:00:00+00,2026-01-29 17:05:43.83851+00
134,ארבע הבדיקות,Four Examinations,מהם ארבעת שלבי הבדיקה ברפואה הסינית?,134,quick_question,,2026-01-29 18:00:00+00,2026-01-29 17:05:43.83851+00
135,ארבע הבדיקות,Four Examinations,כיצד מפרשים את גוון הפנים?,135,quick_question,,2026-01-29 18:00:00+00,2026-01-29 17:05:43.83851+00
136,ארבע הבדיקות,Four Examinations,מהם הסימנים החזותיים של חוסר דם?,136,quick_question,,2026-01-29 18:00:00+00,2026-01-29 17:05:43.83851+00
137,ארבע הבדיקות,Four Examinations,כיצד מאבחנים לפי הקול?,137,quick_question,,2026-01-29 18:00:00+00,2026-01-29 17:05:43.83851+00
138,ארבע הבדיקות,Four Examinations,מהי החשיבות של ריח הגוף באבחון?,138,quick_question,,2026-01-29 18:00:00+00,2026-01-29 17:05:43.83851+00
139,ארבע הבדיקות,Four Examinations,כיצד שואלים על שינה באנמנזה?,139,quick_question,,2026-01-29 18:00:00+00,2026-01-29 17:05:43.83851+00
140,ארבע הבדיקות,Four Examinations,מהם שאלות המפתח על העיכול?,140,quick_question,,2026-01-29 18:00:00+00,2026-01-29 17:05:43.83851+00
141,ארבע הבדיקות,Four Examinations,כיצד מפרשים העדפות טמפרטורה?,141,quick_question,,2026-01-29 18:00:00+00,2026-01-29 17:05:43.83851+00
142,ארבע הבדיקות,Four Examinations,מהי החשיבות של שאלות על צמא ושתייה?,142,quick_question,,2026-01-29 18:00:00+00,2026-01-29 17:05:43.83851+00
143,ארבע הבדיקות,Four Examinations,כיצד מאבחנים לפי מישוש הבטן?,143,quick_question,,2026-01-29 18:00:00+00,2026-01-29 17:05:43.83851+00
144,ארבע הבדיקות,Four Examinations,מהם הסימנים של חום לעומת קור?,144,quick_question,,2026-01-29 18:00:00+00,2026-01-29 17:05:43.83851+00
145,ארבע הבדיקות,Four Examinations,כיצד מזהים דפוסי עודף לעומת חוסר?,145,quick_question,,2026-01-29 18:00:00+00,2026-01-29 17:05:43.83851+00
146,ארבע הבדיקות,Four Examinations,מהי החשיבות של שאלות על הזעה?,146,quick_question,,2026-01-29 18:00:00+00,2026-01-29 17:05:43.83851+00
147,ארבע הבדיקות,Four Examinations,כיצד מפרשים כאבים ותחושות?,147,quick_question,,2026-01-29 18:00:00+00,2026-01-29 17:05:43.83851+00
148,ארבע הבדיקות,Four Examinations,מהם הסימנים של לחות בגוף?,148,quick_question,,2026-01-29 18:00:00+00,2026-01-29 17:05:43.83851+00
149,בריאות האישה,Women's Health,כיצד מאבחנים דפוסי אי-פוריות ב-TCM?,149,quick_question,,2026-01-29 18:00:00+00,2026-01-29 17:05:43.83851+00
150,בריאות האישה,Women's Health,מהו הטיפול בכאבי מחזור (דיסמנוריאה)?,150,quick_question,,2026-01-29 18:00:00+00,2026-01-29 17:05:43.83851+00
151,בריאות האישה,Women's Health,כיצד מטפלים ב-PMS?,151,quick_question,,2026-01-29 18:00:00+00,2026-01-29 17:05:43.83851+00
152,בריאות האישה,Women's Health,מהם הדפוסים השכיחים בהפסקת מחזור?,152,quick_question,,2026-01-29 18:00:00+00,2026-01-29 17:05:43.83851+00
153,בריאות האישה,Women's Health,כיצד מטפלים בדימום רב במחזור (מנורגיה)?,153,quick_question,,2026-01-29 18:00:00+00,2026-01-29 17:05:43.83851+00
154,בריאות האישה,Women's Health,מהם הנקודות החשובות לפוריות?,154,quick_question,,2026-01-29 18:00:00+00,2026-01-29 17:05:43.83851+00
155,בריאות האישה,Women's Health,כיצד מטפלים בציסטות שחלתיות?,155,quick_question,,2026-01-29 18:00:00+00,2026-01-29 17:05:43.83851+00
156,בריאות האישה,Women's Health,מהו הטיפול באנדומטריוזיס?,156,quick_question,,2026-01-29 18:00:00+00,2026-01-29 17:05:43.83851+00
157,בריאות האישה,Women's Health,כיצד מלווים הריון בטיפול?,157,quick_question,,2026-01-29 18:00:00+00,2026-01-29 17:05:43.83851+00
158,בריאות האישה,Women's Health,מהם הנקודות האסורות בהריון?,158,quick_question,,2026-01-29 18:00:00+00,2026-01-29 17:05:43.83851+00
159,בריאות האישה,Women's Health,כיצד מטפלים בבחילות הריון?,159,quick_question,,2026-01-29 18:00:00+00,2026-01-29 17:05:43.83851+00
160,בריאות האישה,Women's Health,מהו הטיפול בתסמונת המעבר (מנופאוזה)?,160,quick_question,,2026-01-29 18:00:00+00,2026-01-29 17:05:43.83851+00
161,בריאות האישה,Women's Health,כיצד מטפלים בגלי חום?,161,quick_question,,2026-01-29 18:00:00+00,2026-01-29 17:05:43.83851+00
162,בריאות האישה,Women's Health,מהי חשיבות הדם והכבד לבריאות האישה?,162,quick_question,,2026-01-29 18:00:00+00,2026-01-29 17:05:43.83851+00
163,בריאות האישה,Women's Health,כיצד מטפלים במסה בשד לפי TCM?,163,quick_question,,2026-01-29 18:00:00+00,2026-01-29 17:05:43.83851+00
164,רפואה סינית לילדים,Pediatric TCM,מהם המאפיינים הייחודיים של פיזיולוגיית הילד ב-TCM?,164,quick_question,,2026-01-29 18:00:00+00,2026-01-29 17:05:43.83851+00
165,רפואה סינית לילדים,Pediatric TCM,כיצד מאבחנים ילדים שלא יכולים לתאר תסמינים?,165,quick_question,,2026-01-29 18:00:00+00,2026-01-29 17:05:43.83851+00
166,רפואה סינית לילדים,Pediatric TCM,מהו הטיפול בשיעול כרוני אצל ילדים?,166,quick_question,,2026-01-29 18:00:00+00,2026-01-29 17:05:43.83851+00
167,רפואה סינית לילדים,Pediatric TCM,כיצד מטפלים בבעיות עיכול שכיחות בילדות?,167,quick_question,,2026-01-29 18:00:00+00,2026-01-29 17:05:43.83851+00
168,רפואה סינית לילדים,Pediatric TCM,מהם הסימנים של חום מזון אצל תינוקות?,168,quick_question,,2026-01-29 18:00:00+00,2026-01-29 17:05:43.83851+00
169,רפואה סינית לילדים,Pediatric TCM,כיצד Tuina (עיסוי סיני) מתאים לילדים?,169,quick_question,,2026-01-29 18:00:00+00,2026-01-29 17:05:43.83851+00
170,רפואה סינית לילדים,Pediatric TCM,מהו הטיפול בהרטבת לילה (Enuresis)?,170,quick_question,,2026-01-29 18:00:00+00,2026-01-29 17:05:43.83851+00
171,רפואה סינית לילדים,Pediatric TCM,כיצד מחזקים את החסינות של ילדים שחולים תכופות?,171,quick_question,,2026-01-29 18:00:00+00,2026-01-29 17:05:43.83851+00
172,רפואה סינית לילדים,Pediatric TCM,מהם הנקודות הבטוחות לדיקור בילדים?,172,quick_question,,2026-01-29 18:00:00+00,2026-01-29 17:05:43.83851+00
173,רפואה סינית לילדים,Pediatric TCM,כיצד מטפלים באלרגיות עונתיות אצל ילדים?,173,quick_question,,2026-01-29 18:00:00+00,2026-01-29 17:05:43.83851+00
174,רפואה סינית לילדים,Pediatric TCM,מהו הטיפול בהפרעות קשב וריכוז (ADHD)?,174,quick_question,,2026-01-29 18:00:00+00,2026-01-29 17:05:43.83851+00
175,רפואה סינית לילדים,Pediatric TCM,כיצד מזהים חולשת טחול אצל ילדים?,175,quick_question,,2026-01-29 18:00:00+00,2026-01-29 17:05:43.83851+00
176,רפואה סינית לילדים,Pediatric TCM,מהם המזונות המומלצים לחיזוק ילדים?,176,quick_question,,2026-01-29 18:00:00+00,2026-01-29 17:05:43.83851+00
177,רפואה סינית לילדים,Pediatric TCM,כיצד מטפלים בחרדה ופחדים בילדות?,177,quick_question,,2026-01-29 18:00:00+00,2026-01-29 17:05:43.83851+00
178,רפואה סינית לילדים,Pediatric TCM,מהי גישת TCM לבעיות שינה אצל ילדים?,178,quick_question,,2026-01-29 18:00:00+00,2026-01-29 17:05:43.83851+00
179,רפואה סינית לקשישים,Geriatric TCM,מהם השינויים הפיזיולוגיים העיקריים בהזדקנות לפי TCM?,179,quick_question,,2026-01-29 18:00:00+00,2026-01-29 17:05:43.83851+00
180,רפואה סינית לקשישים,Geriatric TCM,כיצד מטפלים בדמנציה ואובדן זיכרון?,180,quick_question,,2026-01-29 18:00:00+00,2026-01-29 17:05:43.83851+00
181,רפואה סינית לקשישים,Geriatric TCM,מהו הטיפול באוסטאופורוזיס מנקודת מבט TCM?,181,quick_question,,2026-01-29 18:00:00+00,2026-01-29 17:05:43.83851+00
182,רפואה סינית לקשישים,Geriatric TCM,כיצד מחזקים את הכליות לאריכות ימים?,182,quick_question,,2026-01-29 18:00:00+00,2026-01-29 17:05:43.83851+00
183,רפואה סינית לקשישים,Geriatric TCM,מהם הסימנים של דלדול ה-Jing וכיצד מאטים אותו?,183,quick_question,,2026-01-29 18:00:00+00,2026-01-29 17:05:43.83851+00
184,רפואה סינית לקשישים,Geriatric TCM,כיצד מטפלים בנוקשות מפרקים בגיל מבוגר?,184,quick_question,,2026-01-29 18:00:00+00,2026-01-29 17:05:43.83851+00
185,רפואה סינית לקשישים,Geriatric TCM,מהו הטיפול בעצירות כרונית אצל קשישים?,185,quick_question,,2026-01-29 18:00:00+00,2026-01-29 17:05:43.83851+00
186,רפואה סינית לקשישים,Geriatric TCM,כיצד מאזנים טיפול בתרופות מרובות (פוליפארמקולוגיה)?,186,quick_question,,2026-01-29 18:00:00+00,2026-01-29 17:05:43.83851+00
187,רפואה סינית לקשישים,Geriatric TCM,מהם הנקודות החשובות לשיפור הזרימה הדמית?,187,quick_question,,2026-01-29 18:00:00+00,2026-01-29 17:05:43.83851+00
188,רפואה סינית לקשישים,Geriatric TCM,כיצד מטפלים בסחרחורת וחוסר יציבות?,188,quick_question,,2026-01-29 18:00:00+00,2026-01-29 17:05:43.83851+00
189,רפואה סינית לקשישים,Geriatric TCM,מהו הטיפול בבעיות שתן שכיחות בגיל מבוגר?,189,quick_question,,2026-01-29 18:00:00+00,2026-01-29 17:05:43.83851+00
190,רפואה סינית לקשישים,Geriatric TCM,כיצד משמרים את כוח הראייה והשמיעה?,190,quick_question,,2026-01-29 18:00:00+00,2026-01-29 17:05:43.83851+00
191,רפואה סינית לקשישים,Geriatric TCM,מהם המזונות התומכים בבריאות הקשיש?,191,quick_question,,2026-01-29 18:00:00+00,2026-01-29 17:05:43.83851+00
192,רפואה סינית לקשישים,Geriatric TCM,כיצד מטפלים בדיכאון וחרדה בגיל מבוגר?,192,quick_question,,2026-01-29 18:00:00+00,2026-01-29 17:05:43.83851+00
193,רפואה סינית לקשישים,Geriatric TCM,מהי גישת TCM למניעת נפילות?,193,quick_question,,2026-01-29 18:00:00+00,2026-01-29 17:05:43.83851+00
194,בריאות רגשית,Emotional Health,מהם שבעת הרגשות ברפואה הסינית וכיצד הם משפיעים על האיברים?,194,quick_question,,2026-01-29 18:00:00+00,2026-01-29 17:05:43.83851+00
195,בריאות רגשית,Emotional Health,כיצד כעס ותסכול פוגעים בכבד?,195,quick_question,,2026-01-29 18:00:00+00,2026-01-29 17:05:43.83851+00
196,בריאות רגשית,Emotional Health,מהו הטיפול בחרדה כרונית מנקודת מבט TCM?,196,quick_question,,2026-01-29 18:00:00+00,2026-01-29 17:05:43.83851+00
197,בריאות רגשית,Emotional Health,כיצד אבל וצער משפיעים על הריאות?,197,quick_question,,2026-01-29 18:00:00+00,2026-01-29 17:05:43.83851+00
198,בריאות רגשית,Emotional Health,מהי הגישה לטיפול בדיכאון ב-TCM?,198,quick_question,,2026-01-29 18:00:00+00,2026-01-29 17:05:43.83851+00
199,בריאות רגשית,Emotional Health,כיצד פחד משפיע על הכליות ועל אנרגיית הגוף?,199,quick_question,,2026-01-29 18:00:00+00,2026-01-29 17:05:43.83851+00
200,בריאות רגשית,Emotional Health,מהם הנקודות להרגעת הנפש (Shen)?,200,quick_question,,2026-01-29 18:00:00+00,2026-01-29 17:05:43.83851+00
201,בריאות רגשית,Emotional Health,כיצד מטפלים בנדודי שינה מרקע רגשי?,201,quick_question,,2026-01-29 18:00:00+00,2026-01-29 17:05:43.83851+00
202,בריאות רגשית,Emotional Health,מהו הקשר בין דאגה יתרה לבעיות עיכול?,202,quick_question,,2026-01-29 18:00:00+00,2026-01-29 17:05:43.83851+00
203,בריאות רגשית,Emotional Health,כיצד טראומה רגשית נשמרת בגוף לפי TCM?,203,quick_question,,2026-01-29 18:00:00+00,2026-01-29 17:05:43.83851+00
204,בריאות רגשית,Emotional Health,מהו הטיפול בהתקפי פאניקה?,204,quick_question,,2026-01-29 18:00:00+00,2026-01-29 17:05:43.83851+00
205,בריאות רגשית,Emotional Health,כיצד שמחה יתרה יכולה לפגוע בלב?,205,quick_question,,2026-01-29 18:00:00+00,2026-01-29 17:05:43.83851+00
206,בריאות רגשית,Emotional Health,מהם הנקודות לשחרור רגשות כבושים?,206,quick_question,,2026-01-29 18:00:00+00,2026-01-29 17:05:43.83851+00
207,בריאות רגשית,Emotional Health,כיצד מאזנים בין עבודה רגשית לטיפול פיזי?,207,quick_question,,2026-01-29 18:00:00+00,2026-01-29 17:05:43.83851+00
208,בריאות רגשית,Emotional Health,מהי חשיבות ה-Hun וה-Po לבריאות רגשית?,208,quick_question,,2026-01-29 18:00:00+00,2026-01-29 17:05:43.83851+00
209,הפרעות שינה,Sleep Disorders,מהי הפתופיזיולוגיה של נדודי שינה ב-TCM?,209,quick_question,,2026-01-29 18:00:00+00,2026-01-29 17:05:43.83851+00
210,הפרעות שינה,Sleep Disorders,כיצד מבחינים בין סוגי נדודי שינה שונים?,210,quick_question,,2026-01-29 18:00:00+00,2026-01-29 17:05:43.83851+00
211,הפרעות שינה,Sleep Disorders,מהו הטיפול בקושי להירדם לעומת התעוררויות ליליות?,211,quick_question,,2026-01-29 18:00:00+00,2026-01-29 17:05:43.83851+00
212,הפרעות שינה,Sleep Disorders,כיצד חוסר דם בלב משפיע על השינה?,212,quick_question,,2026-01-29 18:00:00+00,2026-01-29 17:05:43.83851+00
213,הפרעות שינה,Sleep Disorders,מהם הסימנים של אש בלב הגורמת לנדודי שינה?,213,quick_question,,2026-01-29 18:00:00+00,2026-01-29 17:05:43.83851+00
214,הפרעות שינה,Sleep Disorders,כיצד מטפלים בחלומות מטרידים וסיוטים?,214,quick_question,,2026-01-29 18:00:00+00,2026-01-29 17:05:43.83851+00
215,הפרעות שינה,Sleep Disorders,מהן הנקודות היעילות ביותר לשיפור איכות השינה?,215,quick_question,,2026-01-29 18:00:00+00,2026-01-29 17:05:43.83851+00
216,הפרעות שינה,Sleep Disorders,כיצד דאגה יתרה פוגעת בשינה?,216,quick_question,,2026-01-29 18:00:00+00,2026-01-29 17:05:43.83851+00
217,הפרעות שינה,Sleep Disorders,מהו הטיפול בעייפות כרונית למרות שינה ארוכה?,217,quick_question,,2026-01-29 18:00:00+00,2026-01-29 17:05:43.83851+00
218,הפרעות שינה,Sleep Disorders,כיצד מטפלים בדום נשימה בשינה (Sleep Apnea)?,218,quick_question,,2026-01-29 18:00:00+00,2026-01-29 17:05:43.83851+00
219,הפרעות שינה,Sleep Disorders,מהי חשיבות שעות השינה לפי שעון האיברים?,219,quick_question,,2026-01-29 18:00:00+00,2026-01-29 17:05:43.83851+00
220,הפרעות שינה,Sleep Disorders,כיצד התזונה משפיעה על איכות השינה?,220,quick_question,,2026-01-29 18:00:00+00,2026-01-29 17:05:43.83851+00
221,הפרעות שינה,Sleep Disorders,מהם הצמחים המסייעים לשינה ב-TCM?,221,quick_question,,2026-01-29 18:00:00+00,2026-01-29 17:05:43.83851+00
222,הפרעות שינה,Sleep Disorders,כיצד מטפלים בהתעוררות בשעה קבועה כל לילה?,222,quick_question,,2026-01-29 18:00:00+00,2026-01-29 17:05:43.83851+00
223,הפרעות שינה,Sleep Disorders,מהי הגישה לטיפול בג\'ט לאג מנקודת מבט TCM?,223,quick_question,,2026-01-29 18:00:00+00,2026-01-29 17:05:43.83851+00
224,בריאות מערכת העיכול,Digestive Health,כיצד מאבחנים חולשת טחול?,224,quick_question,,2026-01-29 18:00:00+00,2026-01-29 17:05:43.83851+00
225,בריאות מערכת העיכול,Digestive Health,מהו הטיפול בנפיחות וגזים כרוניים?,225,quick_question,,2026-01-29 18:00:00+00,2026-01-29 17:05:43.83851+00
226,בריאות מערכת העיכול,Digestive Health,כיצד מטפלים ב-IBS (תסמונת המעי הרגיז)?,226,quick_question,,2026-01-29 18:00:00+00,2026-01-29 17:05:43.83851+00
227,בריאות מערכת העיכול,Digestive Health,מהם הסימנים של לחות בטחול?,227,quick_question,,2026-01-29 18:00:00+00,2026-01-29 17:05:43.83851+00
228,בריאות מערכת העיכול,Digestive Health,כיצד סטגנציה של צ\'י הכבד משפיעה על העיכול?,228,quick_question,,2026-01-29 18:00:00+00,2026-01-29 17:05:43.83851+00
229,בריאות מערכת העיכול,Digestive Health,מהו הטיפול בצרבת וריפלוקס חומצי?,229,quick_question,,2026-01-29 18:00:00+00,2026-01-29 17:05:43.83851+00
230,בריאות מערכת העיכול,Digestive Health,כיצד מטפלים בעצירות כרונית לפי הדפוס?,230,quick_question,,2026-01-29 18:00:00+00,2026-01-29 17:05:43.83851+00
231,בריאות מערכת העיכול,Digestive Health,מהם הסימנים של חום בקיבה?,231,quick_question,,2026-01-29 18:00:00+00,2026-01-29 17:05:43.83851+00
232,בריאות מערכת העיכול,Digestive Health,כיצד מטפלים בשלשולים חוזרים?,232,quick_question,,2026-01-29 18:00:00+00,2026-01-29 17:05:43.83851+00
233,בריאות מערכת העיכול,Digestive Health,מהי חשיבות ארוחת הבוקר לפי TCM?,233,quick_question,,2026-01-29 18:00:00+00,2026-01-29 17:05:43.83851+00
234,בריאות מערכת העיכול,Digestive Health,כיצד מזונות קרים ונאים פוגעים בעיכול?,234,quick_question,,2026-01-29 18:00:00+00,2026-01-29 17:05:43.83851+00
235,בריאות מערכת העיכול,Digestive Health,מהם הנקודות החשובות לחיזוק הטחול?,235,quick_question,,2026-01-29 18:00:00+00,2026-01-29 17:05:43.83851+00
236,בריאות מערכת העיכול,Digestive Health,כיצד מטפלים בחוסר תיאבון?,236,quick_question,,2026-01-29 18:00:00+00,2026-01-29 17:05:43.83851+00
237,בריאות מערכת העיכול,Digestive Health,מהי הגישה לטיפול במחלות מעי דלקתיות?,237,quick_question,,2026-01-29 18:00:00+00,2026-01-29 17:05:43.83851+00
238,בריאות מערכת הנשימה,Respiratory Health,מהם תפקידי הריאות ב-TCM מעבר לנשימה?,238,quick_question,,2026-01-29 18:00:00+00,2026-01-29 17:05:43.83851+00
239,בריאות מערכת הנשימה,Respiratory Health,כיצד מטפלים בשיעול יבש לעומת שיעול עם ליחה?,239,quick_question,,2026-01-29 18:00:00+00,2026-01-29 17:05:43.83851+00
240,בריאות מערכת הנשימה,Respiratory Health,מהו הטיפול באסתמה מנקודת מבט TCM?,240,quick_question,,2026-01-29 18:00:00+00,2026-01-29 17:05:43.83851+00
241,בריאות מערכת הנשימה,Respiratory Health,כיצד מטפלים בסינוסיטיס כרוני?,241,quick_question,,2026-01-29 18:00:00+00,2026-01-29 17:05:43.83851+00
242,בריאות מערכת הנשימה,Respiratory Health,מהם הסימנים של חוסר יין בריאות?,242,quick_question,,2026-01-29 18:00:00+00,2026-01-29 17:05:43.83851+00
243,בריאות מערכת הנשימה,Respiratory Health,כיצד ליחה בריאות משפיעה על הנשימה?,243,quick_question,,2026-01-29 18:00:00+00,2026-01-29 17:05:43.83851+00
244,בריאות מערכת הנשימה,Respiratory Health,מהו הטיפול באלרגיות עונתיות?,244,quick_question,,2026-01-29 18:00:00+00,2026-01-29 17:05:43.83851+00
245,בריאות מערכת הנשימה,Respiratory Health,כיצד מחזקים את Wei Qi למניעת הצטננויות?,245,quick_question,,2026-01-29 18:00:00+00,2026-01-29 17:05:43.83851+00
246,בריאות מערכת הנשימה,Respiratory Health,מהם הנקודות היעילות לפתיחת דרכי הנשימה?,246,quick_question,,2026-01-29 18:00:00+00,2026-01-29 17:05:43.83851+00
247,בריאות מערכת הנשימה,Respiratory Health,כיצד מטפלים בקוצר נשימה?,247,quick_question,,2026-01-29 18:00:00+00,2026-01-29 17:05:43.83851+00
248,בריאות מערכת הנשימה,Respiratory Health,מהו הקשר בין הריאות לעור?,248,quick_question,,2026-01-29 18:00:00+00,2026-01-29 17:05:43.83851+00
249,בריאות מערכת הנשימה,Respiratory Health,כיצד מטפלים בשיעול כרוני לאחר הצטננות?,249,quick_question,,2026-01-29 18:00:00+00,2026-01-29 17:05:43.83851+00
250,בריאות מערכת הנשימה,Respiratory Health,מהי חשיבות לחות הריאות?,250,quick_question,,2026-01-29 18:00:00+00,2026-01-29 17:05:43.83851+00
251,בריאות מערכת הנשימה,Respiratory Health,כיצד עשן ואוויר מזוהם פוגעים בריאות?,251,quick_question,,2026-01-29 18:00:00+00,2026-01-29 17:05:43.83851+00
252,בריאות מערכת הנשימה,Respiratory Health,מהם הצמחים המחזקים את הריאות?,252,quick_question,,2026-01-29 18:00:00+00,2026-01-29 17:05:43.83851+00
253,מערכת השלד והשרירים,Musculoskeletal System,מהי הגישה של TCM לכאבי גב תחתון?,253,quick_question,,2026-01-29 18:00:00+00,2026-01-29 17:05:43.83851+00
254,מערכת השלד והשרירים,Musculoskeletal System,כיצד מבחינים בין כאב מעודף לכאב מחוסר?,254,quick_question,,2026-01-29 18:00:00+00,2026-01-29 17:05:43.83851+00
255,מערכת השלד והשרירים,Musculoskeletal System,מהו הטיפול בדלקת מפרקים (ארתריטיס)?,255,quick_question,,2026-01-29 18:00:00+00,2026-01-29 17:05:43.83851+00
256,מערכת השלד והשרירים,Musculoskeletal System,כיצד מטפלים בפריצת דיסק?,256,quick_question,,2026-01-29 18:00:00+00,2026-01-29 17:05:43.83851+00
257,מערכת השלד והשרירים,Musculoskeletal System,מהם הסימנים של Bi Syndrome (סינדרום החסימה)?,257,quick_question,,2026-01-29 18:00:00+00,2026-01-29 17:05:43.83851+00
258,מערכת השלד והשרירים,Musculoskeletal System,כיצד מטפלים בכאבי צוואר וכתפיים תפוסות?,258,quick_question,,2026-01-29 18:00:00+00,2026-01-29 17:05:43.83851+00
259,מערכת השלד והשרירים,Musculoskeletal System,מהו תפקיד הכליות בבריאות העצמות?,259,quick_question,,2026-01-29 18:00:00+00,2026-01-29 17:05:43.83851+00
260,מערכת השלד והשרירים,Musculoskeletal System,כיצד מטפלים בפציעות ספורט?,260,quick_question,,2026-01-29 18:00:00+00,2026-01-29 17:05:43.83851+00
261,מערכת השלד והשרירים,Musculoskeletal System,מהם הנקודות היעילות לכאבי ברכיים?,261,quick_question,,2026-01-29 18:00:00+00,2026-01-29 17:05:43.83851+00
262,מערכת השלד והשרירים,Musculoskeletal System,כיצד מטפלים בתעלת שורש כף היד (Carpal Tunnel)?,262,quick_question,,2026-01-29 18:00:00+00,2026-01-29 17:05:43.83851+00
263,מערכת השלד והשרירים,Musculoskeletal System,מהו הטיפול בפיברומיאלגיה?,263,quick_question,,2026-01-29 18:00:00+00,2026-01-29 17:05:43.83851+00
264,מערכת השלד והשרירים,Musculoskeletal System,כיצד דם וצ\'י משפיעים על תפקוד השרירים?,264,quick_question,,2026-01-29 18:00:00+00,2026-01-29 17:05:43.83851+00
265,מערכת השלד והשרירים,Musculoskeletal System,מהם הסימנים של רוח-לחות במפרקים?,265,quick_question,,2026-01-29 18:00:00+00,2026-01-29 17:05:43.83851+00
266,מערכת השלד והשרירים,Musculoskeletal System,כיצד מטפלים בגיד אכילס דלקתי?,266,quick_question,,2026-01-29 18:00:00+00,2026-01-29 17:05:43.83851+00
267,מערכת השלד והשרירים,Musculoskeletal System,מהי חשיבות התנועה לבריאות הגידים והשרירים?,267,quick_question,,2026-01-29 18:00:00+00,2026-01-29 17:05:43.83851+00
268,כאבי ראש ומיגרנות,Headaches & Migraines,כיצד מסווגים כאבי ראש לפי מיקום ב-TCM?,268,quick_question,,2026-01-29 18:00:00+00,2026-01-29 17:05:43.83851+00
269,כאבי ראש ומיגרנות,Headaches & Migraines,מהו הטיפול בכאב ראש מעליית יאנג הכבד?,269,quick_question,,2026-01-29 18:00:00+00,2026-01-29 17:05:43.83851+00
270,כאבי ראש ומיגרנות,Headaches & Migraines,כיצד מבחינים בין מיגרנה לכאב ראש מתח?,270,quick_question,,2026-01-29 18:00:00+00,2026-01-29 17:05:43.83851+00
271,כאבי ראש ומיגרנות,Headaches & Migraines,מהם הסימנים של כאב ראש מחוסר דם?,271,quick_question,,2026-01-29 18:00:00+00,2026-01-29 17:05:43.83851+00
272,כאבי ראש ומיגרנות,Headaches & Migraines,כיצד מטפלים בכאב ראש מליחה?,272,quick_question,,2026-01-29 18:00:00+00,2026-01-29 17:05:43.83851+00
273,כאבי ראש ומיגרנות,Headaches & Migraines,מהו הטיפול בכאב ראש קדמי (מצח)?,273,quick_question,,2026-01-29 18:00:00+00,2026-01-29 17:05:43.83851+00
274,כאבי ראש ומיגרנות,Headaches & Migraines,כיצד מטפלים בכאב ראש צדי (רקות)?,274,quick_question,,2026-01-29 18:00:00+00,2026-01-29 17:05:43.83851+00
275,כאבי ראש ומיגרנות,Headaches & Migraines,מהם הנקודות העיקריות לכאבי ראש?,275,quick_question,,2026-01-29 18:00:00+00,2026-01-29 17:05:43.83851+00
276,כאבי ראש ומיגרנות,Headaches & Migraines,כיצד סטגנציה של דם גורמת לכאב ראש כרוני?,276,quick_question,,2026-01-29 18:00:00+00,2026-01-29 17:05:43.83851+00
277,כאבי ראש ומיגרנות,Headaches & Migraines,מהו הקשר בין הורמונים לכאבי ראש?,277,quick_question,,2026-01-29 18:00:00+00,2026-01-29 17:05:43.83851+00
278,כאבי ראש ומיגרנות,Headaches & Migraines,כיצד מטפלים בכאב ראש המחמיר עם מזג אוויר?,278,quick_question,,2026-01-29 18:00:00+00,2026-01-29 17:05:43.83851+00
279,כאבי ראש ומיגרנות,Headaches & Migraines,מהי חשיבות הטיפול בין התקפים למניעה?,279,quick_question,,2026-01-29 18:00:00+00,2026-01-29 17:05:43.83851+00
280,כאבי ראש ומיגרנות,Headaches & Migraines,כיצד מזון ושתייה משפיעים על כאבי ראש?,280,quick_question,,2026-01-29 18:00:00+00,2026-01-29 17:05:43.83851+00
281,כאבי ראש ומיגרנות,Headaches & Migraines,מהו הטיפול בכאב ראש עורפי?,281,quick_question,,2026-01-29 18:00:00+00,2026-01-29 17:05:43.83851+00
282,כאבי ראש ומיגרנות,Headaches & Migraines,כיצד מטפלים במיגרנה עם אאורה?,282,quick_question,,2026-01-29 18:00:00+00,2026-01-29 17:05:43.83851+00
283,מחלות עור,Skin Disorders,מהו הקשר בין הריאות לבריאות העור ב-TCM?,283,quick_question,,2026-01-29 18:00:00+00,2026-01-29 17:05:43.83851+00
284,מחלות עור,Skin Disorders,כיצד מטפלים באקזמה (אטופיק דרמטיטיס)?,284,quick_question,,2026-01-29 18:00:00+00,2026-01-29 17:05:43.83851+00
285,מחלות עור,Skin Disorders,מהו הטיפול בפסוריאזיס?,285,quick_question,,2026-01-29 18:00:00+00,2026-01-29 17:05:43.83851+00
286,מחלות עור,Skin Disorders,כיצד מאבחנים דפוסים שונים של אקנה?,286,quick_question,,2026-01-29 18:00:00+00,2026-01-29 17:05:43.83851+00
287,מחלות עור,Skin Disorders,מהם הסימנים של חום בדם הגורם לפריחות?,287,quick_question,,2026-01-29 18:00:00+00,2026-01-29 17:05:43.83851+00
288,מחלות עור,Skin Disorders,כיצד לחות ורעילות משפיעים על העור?,288,quick_question,,2026-01-29 18:00:00+00,2026-01-29 17:05:43.83851+00
289,מחלות עור,Skin Disorders,מהו הטיפול באורטיקריה (סרפדת)?,289,quick_question,,2026-01-29 18:00:00+00,2026-01-29 17:05:43.83851+00
290,מחלות עור,Skin Disorders,כיצד מטפלים בשלבקת חוגרת (Shingles)?,290,quick_question,,2026-01-29 18:00:00+00,2026-01-29 17:05:43.83851+00
291,מחלות עור,Skin Disorders,מהם הנקודות היעילות לטיפול בגרד?,291,quick_question,,2026-01-29 18:00:00+00,2026-01-29 17:05:43.83851+00
292,מחלות עור,Skin Disorders,כיצד חוסר דם מתבטא בעור?,292,quick_question,,2026-01-29 18:00:00+00,2026-01-29 17:05:43.83851+00
293,מחלות עור,Skin Disorders,מהו הטיפול ברוזציאה?,293,quick_question,,2026-01-29 18:00:00+00,2026-01-29 17:05:43.83851+00
294,מחלות עור,Skin Disorders,כיצד מטפלים בוויטיליגו?,294,quick_question,,2026-01-29 18:00:00+00,2026-01-29 17:05:43.83851+00
295,מחלות עור,Skin Disorders,מהי חשיבות התזונה לבריאות העור?,295,quick_question,,2026-01-29 18:00:00+00,2026-01-29 17:05:43.83851+00
296,מחלות עור,Skin Disorders,כיצד רגשות משפיעים על מצב העור?,296,quick_question,,2026-01-29 18:00:00+00,2026-01-29 17:05:43.83851+00
297,מחלות עור,Skin Disorders,מהם הצמחים המטפלים בבעיות עור?,297,quick_question,,2026-01-29 18:00:00+00,2026-01-29 17:05:43.83851+00
298,מערכת הלב וכלי הדם,Cardiovascular System,מהם תפקידי הלב ב-TCM מעבר לשאיבת דם?,298,quick_question,,2026-01-29 18:00:00+00,2026-01-29 17:05:43.83851+00
299,מערכת הלב וכלי הדם,Cardiovascular System,כיצד מטפלים ביתר לחץ דם?,299,quick_question,,2026-01-29 18:00:00+00,2026-01-29 17:05:43.83851+00
300,מערכת הלב וכלי הדם,Cardiovascular System,מהו הטיפול בהפרעות קצב לב?,300,quick_question,,2026-01-29 18:00:00+00,2026-01-29 17:05:43.83851+00
301,מערכת הלב וכלי הדם,Cardiovascular System,כיצד סטגנציה של דם משפיעה על הלב?,301,quick_question,,2026-01-29 18:00:00+00,2026-01-29 17:05:43.83851+00
302,מערכת הלב וכלי הדם,Cardiovascular System,מהם הסימנים של חוסר דם בלב?,302,quick_question,,2026-01-29 18:00:00+00,2026-01-29 17:05:43.83851+00
303,מערכת הלב וכלי הדם,Cardiovascular System,כיצד מטפלים בחרדה עם דפיקות לב?,303,quick_question,,2026-01-29 18:00:00+00,2026-01-29 17:05:43.83851+00
304,מערכת הלב וכלי הדם,Cardiovascular System,מהו הקשר בין הלב לכליות (ציר לב-כליות)?,304,quick_question,,2026-01-29 18:00:00+00,2026-01-29 17:05:43.83851+00
305,מערכת הלב וכלי הדם,Cardiovascular System,כיצד ליחה חוסמת את פתחי הלב?,305,quick_question,,2026-01-29 18:00:00+00,2026-01-29 17:05:43.83851+00
306,מערכת הלב וכלי הדם,Cardiovascular System,מהם הנקודות החשובות לבריאות הלב?,306,quick_question,,2026-01-29 18:00:00+00,2026-01-29 17:05:43.83851+00
307,מערכת הלב וכלי הדם,Cardiovascular System,כיצד מטפלים בכאבים בחזה?,307,quick_question,,2026-01-29 18:00:00+00,2026-01-29 17:05:43.83851+00
308,מערכת הלב וכלי הדם,Cardiovascular System,מהו הטיפול בדליות ובעיות ורידים?,308,quick_question,,2026-01-29 18:00:00+00,2026-01-29 17:05:43.83851+00
309,מערכת הלב וכלי הדם,Cardiovascular System,כיצד משפרים את זרימת הדם?,309,quick_question,,2026-01-29 18:00:00+00,2026-01-29 17:05:43.83851+00
310,מערכת הלב וכלי הדם,Cardiovascular System,מהי חשיבות השן (Shen) לבריאות הלב?,310,quick_question,,2026-01-29 18:00:00+00,2026-01-29 17:05:43.83851+00
311,מערכת הלב וכלי הדם,Cardiovascular System,כיצד מונעים מחלות לב לפי TCM?,311,quick_question,,2026-01-29 18:00:00+00,2026-01-29 17:05:43.83851+00
312,מערכת הלב וכלי הדם,Cardiovascular System,מהם הצמחים התומכים בבריאות הלב?,312,quick_question,,2026-01-29 18:00:00+00,2026-01-29 17:05:43.83851+00
313,נוסחאות צמחים,Herbal Formulas,מהם העקרונות לבניית נוסחת צמחים?,313,quick_question,,2026-01-29 18:00:00+00,2026-01-29 17:05:43.83851+00
314,נוסחאות צמחים,Herbal Formulas,כיצד משנים נוסחה קלאסית למטופל ספציפי?,314,quick_question,,2026-01-29 18:00:00+00,2026-01-29 17:05:43.83851+00
315,נוסחאות צמחים,Herbal Formulas,מהי נוסחת Si Jun Zi Tang ולמה היא משמשת?,315,quick_question,,2026-01-29 18:00:00+00,2026-01-29 17:05:43.83851+00
316,נוסחאות צמחים,Herbal Formulas,כיצד משתמשים ב-Xiao Yao San?,316,quick_question,,2026-01-29 18:00:00+00,2026-01-29 17:05:43.83851+00
317,נוסחאות צמחים,Herbal Formulas,מהי נוסחת Liu Wei Di Huang Wan?,317,quick_question,,2026-01-29 18:00:00+00,2026-01-29 17:05:43.83851+00
318,נוסחאות צמחים,Herbal Formulas,כיצד מטפלים בצינון עם Ma Huang Tang?,318,quick_question,,2026-01-29 18:00:00+00,2026-01-29 17:05:43.83851+00
319,נוסחאות צמחים,Herbal Formulas,מהי נוסחת Gui Pi Tang ומתי משתמשים בה?,319,quick_question,,2026-01-29 18:00:00+00,2026-01-29 17:05:43.83851+00
320,נוסחאות צמחים,Herbal Formulas,כיצד מחליטים על מינון ותדירות נטילה?,320,quick_question,,2026-01-29 18:00:00+00,2026-01-29 17:05:43.83851+00
321,נוסחאות צמחים,Herbal Formulas,מהם הצמחים האסורים בהריון?,321,quick_question,,2026-01-29 18:00:00+00,2026-01-29 17:05:43.83851+00
322,נוסחאות צמחים,Herbal Formulas,כיצד מתאימים נוסחאות לגילאים שונים?,322,quick_question,,2026-01-29 18:00:00+00,2026-01-29 17:05:43.83851+00
323,נוסחאות צמחים,Herbal Formulas,מהן האינטראקציות החשובות בין צמחים לתרופות?,323,quick_question,,2026-01-29 18:00:00+00,2026-01-29 17:05:43.83851+00
324,נוסחאות צמחים,Herbal Formulas,כיצד מעריכים את איכות הצמחים?,324,quick_question,,2026-01-29 18:00:00+00,2026-01-29 17:05:43.83851+00
325,מוקסה וכוסות רוח,Moxibustion & Cupping,מהם סוגי המוקסה השונים וכיצד בוחרים ביניהם?,325,quick_question,,2026-01-29 18:00:00+00,2026-01-29 17:05:43.83851+00
326,מוקסה וכוסות רוח,Moxibustion & Cupping,מתי מועדפת מוקסה על דיקור?,326,quick_question,,2026-01-29 18:00:00+00,2026-01-29 17:05:43.83851+00
327,מוקסה וכוסות רוח,Moxibustion & Cupping,מהם הנקודות החשובות לטיפול במוקסה?,327,quick_question,,2026-01-29 18:00:00+00,2026-01-29 17:05:43.83851+00
328,מוקסה וכוסות רוח,Moxibustion & Cupping,כיצד מוקסה מחממת את הגוף ומגרשת קור?,328,quick_question,,2026-01-29 18:00:00+00,2026-01-29 17:05:43.83851+00
329,מוקסה וכוסות רוח,Moxibustion & Cupping,מהם ההתוויות הנגד למוקסה?,329,quick_question,,2026-01-29 18:00:00+00,2026-01-29 17:05:43.83851+00
330,מוקסה וכוסות רוח,Moxibustion & Cupping,כיצד מבצעים טכניקת מוקסה ישירה?,330,quick_question,,2026-01-29 18:00:00+00,2026-01-29 17:05:43.83851+00
331,מוקסה וכוסות רוח,Moxibustion & Cupping,מהם סוגי כוסות הרוח השונים?,331,quick_question,,2026-01-29 18:00:00+00,2026-01-29 17:05:43.83851+00
332,מוקסה וכוסות רוח,Moxibustion & Cupping,כיצד מפרשים סימני כוסות רוח?,332,quick_question,,2026-01-29 18:00:00+00,2026-01-29 17:05:43.83851+00
333,מוקסה וכוסות רוח,Moxibustion & Cupping,מתי משתמשים בכוסות רוח נעות?,333,quick_question,,2026-01-29 18:00:00+00,2026-01-29 17:05:43.83851+00
334,מוקסה וכוסות רוח,Moxibustion & Cupping,מהם היתרונות של כוסות רוח לטיפול בכאב?,334,quick_question,,2026-01-29 18:00:00+00,2026-01-29 17:05:43.83851+00
335,מוקסה וכוסות רוח,Moxibustion & Cupping,כיצד משלבים כוסות רוח עם דיקור?,335,quick_question,,2026-01-29 18:00:00+00,2026-01-29 17:05:43.83851+00
336,מוקסה וכוסות רוח,Moxibustion & Cupping,מהם ההתוויות הנגד לכוסות רוח?,336,quick_question,,2026-01-29 18:00:00+00,2026-01-29 17:05:43.83851+00
337,מוקסה וכוסות רוח,Moxibustion & Cupping,כיצד מטפלים בצינון עם מוקסה?,337,quick_question,,2026-01-29 18:00:00+00,2026-01-29 17:05:43.83851+00
338,מוקסה וכוסות רוח,Moxibustion & Cupping,כיצד מלמדים מטופלים לבצע מוקסה עצמית?,338,quick_question,,2026-01-29 18:00:00+00,2026-01-29 17:05:43.83851+00
339,כלי הדם המיוחדים,Extraordinary Vessels,מהם שמונת כלי הדם המיוחדים (Qi Jing Ba Mai)?,339,quick_question,,2026-01-29 18:00:00+00,2026-01-29 17:05:43.83851+00
340,כלי הדם המיוחדים,Extraordinary Vessels,מה תפקיד ה-Du Mai (כלי השליט)?,340,quick_question,,2026-01-29 18:00:00+00,2026-01-29 17:05:43.83851+00
341,כלי הדם המיוחדים,Extraordinary Vessels,כיצד ה-Ren Mai (כלי התפיסה) משפיע על הפוריות?,341,quick_question,,2026-01-29 18:00:00+00,2026-01-29 17:05:43.83851+00
342,כלי הדם המיוחדים,Extraordinary Vessels,מהו הקשר בין Chong Mai לדם?,342,quick_question,,2026-01-29 18:00:00+00,2026-01-29 17:05:43.83851+00
343,כלי הדם המיוחדים,Extraordinary Vessels,כיצד Dai Mai (כלי החגורה) קשור לבעיות במותניים?,343,quick_question,,2026-01-29 18:00:00+00,2026-01-29 17:05:43.83851+00
344,כלי הדם המיוחדים,Extraordinary Vessels,מהם נקודות הפתיחה והסגירה של כל כלי מיוחד?,344,quick_question,,2026-01-29 18:00:00+00,2026-01-29 17:05:43.83851+00
345,כלי הדם המיוחדים,Extraordinary Vessels,כיצד משתמשים ב-Yang Wei Mai לבעיות חוץ?,345,quick_question,,2026-01-29 18:00:00+00,2026-01-29 17:05:43.83851+00
346,כלי הדם המיוחדים,Extraordinary Vessels,מהו תפקיד Yin Wei Mai?,346,quick_question,,2026-01-29 18:00:00+00,2026-01-29 17:05:43.83851+00
347,כלי הדם המיוחדים,Extraordinary Vessels,כיצד Yang Qiao Mai משפיע על השינה?,347,quick_question,,2026-01-29 18:00:00+00,2026-01-29 17:05:43.83851+00
348,כלי הדם המיוחדים,Extraordinary Vessels,מהו הקשר בין Yin Qiao Mai לעיניים?,348,quick_question,,2026-01-29 18:00:00+00,2026-01-29 17:05:43.83851+00
349,כלי הדם המיוחדים,Extraordinary Vessels,כיצד משלבים כלים מיוחדים בטיפול?,349,quick_question,,2026-01-29 18:00:00+00,2026-01-29 17:05:43.83851+00
350,כלי הדם המיוחדים,Extraordinary Vessels,מהם הסימפטומים של חוסר איזון בכלים המיוחדים?,350,quick_question,,2026-01-29 18:00:00+00,2026-01-29 17:05:43.83851+00
351,כלי הדם המיוחדים,Extraordinary Vessels,כיצד מטפלים בבעיות הורמונליות דרך הכלים המיוחדים?,351,quick_question,,2026-01-29 18:00:00+00,2026-01-29 17:05:43.83851+00
352,כלי הדם המיוחדים,Extraordinary Vessels,מהי חשיבות הכלים המיוחדים בטיפול בטראומה?,352,quick_question,,2026-01-29 18:00:00+00,2026-01-29 17:05:43.83851+00
353,כלי הדם המיוחדים,Extraordinary Vessels,כיצד הכלים המיוחדים קשורים לצ\'אקרות?,353,quick_question,,2026-01-29 18:00:00+00,2026-01-29 17:05:43.83851+00
354,דיקור אוזן,Auricular Acupuncture,מהי מפת האוזן ואיך היא משקפת את הגוף?,354,quick_question,,2026-01-29 18:00:00+00,2026-01-29 17:05:43.83851+00
355,דיקור אוזן,Auricular Acupuncture,כיצד מאתרים נקודות רגישות באוזן?,355,quick_question,,2026-01-29 18:00:00+00,2026-01-29 17:05:43.83851+00
356,דיקור אוזן,Auricular Acupuncture,מהם הכלים לאבחון באמצעות האוזן?,356,quick_question,,2026-01-29 18:00:00+00,2026-01-29 17:05:43.83851+00
357,דיקור אוזן,Auricular Acupuncture,כיצד דיקור אוזן מסייע בהפסקת עישון?,357,quick_question,,2026-01-29 18:00:00+00,2026-01-29 17:05:43.83851+00
358,דיקור אוזן,Auricular Acupuncture,מהי פרוטוקול NADA להתמכרויות?,358,quick_question,,2026-01-29 18:00:00+00,2026-01-29 17:05:43.83851+00
359,דיקור אוזן,Auricular Acupuncture,כיצד מטפלים בכאב באמצעות דיקור אוזן?,359,quick_question,,2026-01-29 18:00:00+00,2026-01-29 17:05:43.83851+00
360,דיקור אוזן,Auricular Acupuncture,מהם הנקודות החשובות להרגעת חרדה?,360,quick_question,,2026-01-29 18:00:00+00,2026-01-29 17:05:43.83851+00
361,דיקור אוזן,Auricular Acupuncture,כיצד משתמשים בזרעי אוזן (ear seeds)?,361,quick_question,,2026-01-29 18:00:00+00,2026-01-29 17:05:43.83851+00
362,דיקור אוזן,Auricular Acupuncture,מהו הטיפול בנדודי שינה דרך האוזן?,362,quick_question,,2026-01-29 18:00:00+00,2026-01-29 17:05:43.83851+00
363,דיקור אוזן,Auricular Acupuncture,כיצד מטפלים בבעיות עיכול באמצעות האוזן?,363,quick_question,,2026-01-29 18:00:00+00,2026-01-29 17:05:43.83851+00
364,דיקור אוזן,Auricular Acupuncture,מהם הנקודות לאיזון הורמונלי?,364,quick_question,,2026-01-29 18:00:00+00,2026-01-29 17:05:43.83851+00
365,דיקור אוזן,Auricular Acupuncture,כיצד דיקור אוזן מסייע בהרזיה?,365,quick_question,,2026-01-29 18:00:00+00,2026-01-29 17:05:43.83851+00
366,דיקור אוזן,Auricular Acupuncture,מהם ההתוויות הנגד לדיקור אוזן?,366,quick_question,,2026-01-29 18:00:00+00,2026-01-29 17:05:43.83851+00
367,דיקור אוזן,Auricular Acupuncture,כיצד משלבים דיקור אוזן עם דיקור גוף?,367,quick_question,,2026-01-29 18:00:00+00,2026-01-29 17:05:43.83851+00
368,דיקור אוזן,Auricular Acupuncture,מהי נקודת ה-Shen Men ולמה היא חשובה?,368,quick_question,,2026-01-29 18:00:00+00,2026-01-29 17:05:43.83851+00
369,טיפול לפי עונות,Seasonal Treatment,כיצד עונת האביב משפיעה על הכבד?,369,quick_question,,2026-01-29 18:00:00+00,2026-01-29 17:05:43.83851+00
370,טיפול לפי עונות,Seasonal Treatment,מהו הטיפול המומלץ בקיץ לשמירה על הלב?,370,quick_question,,2026-01-29 18:00:00+00,2026-01-29 17:05:43.83851+00
371,טיפול לפי עונות,Seasonal Treatment,כיצד מכינים את הגוף לסתיו?,371,quick_question,,2026-01-29 18:00:00+00,2026-01-29 17:05:43.83851+00
372,טיפול לפי עונות,Seasonal Treatment,מהי חשיבות שמירת האנרגיה בחורף?,372,quick_question,,2026-01-29 18:00:00+00,2026-01-29 17:05:43.83851+00
373,טיפול לפי עונות,Seasonal Treatment,כיצד התזונה משתנה לפי העונות?,373,quick_question,,2026-01-29 18:00:00+00,2026-01-29 17:05:43.83851+00
374,טיפול לפי עונות,Seasonal Treatment,מהם הנקודות החשובות לכל עונה?,374,quick_question,,2026-01-29 18:00:00+00,2026-01-29 17:05:43.83851+00
375,טיפול לפי עונות,Seasonal Treatment,כיצד מטפלים באלרגיות עונתיות?,375,quick_question,,2026-01-29 18:00:00+00,2026-01-29 17:05:43.83851+00
376,טיפול לפי עונות,Seasonal Treatment,כיצד שעות השינה משתנות לפי העונה?,376,quick_question,,2026-01-29 18:00:00+00,2026-01-29 17:05:43.83851+00
377,טיפול לפי עונות,Seasonal Treatment,מהם הסימנים של חוסר הסתגלות לעונה?,377,quick_question,,2026-01-29 18:00:00+00,2026-01-29 17:05:43.83851+00
378,טיפול לפי עונות,Seasonal Treatment,כיצד מונעים הצטננויות בתחילת הסתיו?,378,quick_question,,2026-01-29 18:00:00+00,2026-01-29 17:05:43.83851+00
379,טיפול לפי עונות,Seasonal Treatment,כיצד מטפלים בדיכאון עונתי (SAD)?,379,quick_question,,2026-01-29 18:00:00+00,2026-01-29 17:05:43.83851+00
380,טיפול לפי עונות,Seasonal Treatment,מהם הצמחים המתאימים לכל עונה?,380,quick_question,,2026-01-29 18:00:00+00,2026-01-29 17:05:43.83851+00
381,טיפול לפי עונות,Seasonal Treatment,כיצד פעילות גופנית משתנה לפי העונה?,381,quick_question,,2026-01-29 18:00:00+00,2026-01-29 17:05:43.83851+00
382,חמשת היסודות,Five Elements,מהם חמשת היסודות (Wu Xing) וכיצד הם קשורים לאיברים?,382,quick_question,,2026-01-29 18:00:00+00,2026-01-29 17:05:43.83851+00
383,חמשת היסודות,Five Elements,כיצד מחזור השליטה והחיזוק פועלים?,383,quick_question,,2026-01-29 18:00:00+00,2026-01-29 17:05:43.83851+00
384,חמשת היסודות,Five Elements,מהו הקשר בין יסוד העץ לכבד ולמרה?,384,quick_question,,2026-01-29 18:00:00+00,2026-01-29 17:05:43.83851+00
385,חמשת היסודות,Five Elements,כיצד יסוד האש משפיע על הלב והמעי הדק?,385,quick_question,,2026-01-29 18:00:00+00,2026-01-29 17:05:43.83851+00
386,חמשת היסודות,Five Elements,מהי החשיבות של יסוד האדמה לעיכול?,386,quick_question,,2026-01-29 18:00:00+00,2026-01-29 17:05:43.83851+00
387,חמשת היסודות,Five Elements,כיצד יסוד המתכת קשור לריאות?,387,quick_question,,2026-01-29 18:00:00+00,2026-01-29 17:05:43.83851+00
388,חמשת היסודות,Five Elements,מהו תפקיד יסוד המים לכליות?,388,quick_question,,2026-01-29 18:00:00+00,2026-01-29 17:05:43.83851+00
389,חמשת היסודות,Five Elements,כיצד מאזנים יסוד חלש באמצעות יסוד אחר?,389,quick_question,,2026-01-29 18:00:00+00,2026-01-29 17:05:43.83851+00
390,חמשת היסודות,Five Elements,מהם הסימנים של חוסר איזון ביסוד העץ?,390,quick_question,,2026-01-29 18:00:00+00,2026-01-29 17:05:43.83851+00
391,חמשת היסודות,Five Elements,כיצד רגשות קשורים לחמשת היסודות?,391,quick_question,,2026-01-29 18:00:00+00,2026-01-29 17:05:43.83851+00
392,חמשת היסודות,Five Elements,מהו הקשר בין עונות השנה ליסודות?,392,quick_question,,2026-01-29 18:00:00+00,2026-01-29 17:05:43.83851+00
393,חמשת היסודות,Five Elements,כיצד צבעים משקפים את היסודות?,393,quick_question,,2026-01-29 18:00:00+00,2026-01-29 17:05:43.83851+00
394,חמשת היסודות,Five Elements,מהם הטעמים הקשורים לכל יסוד?,394,quick_question,,2026-01-29 18:00:00+00,2026-01-29 17:05:43.83851+00
395,חמשת היסודות,Five Elements,כיצד משתמשים בחמשת היסודות בבחירת נקודות?,395,quick_question,,2026-01-29 18:00:00+00,2026-01-29 17:05:43.83851+00
396,חמשת היסודות,Five Elements,מהי גישת חמשת היסודות לטיפול פסיכו-רגשי?,396,quick_question,,2026-01-29 18:00:00+00,2026-01-29 17:05:43.83851+00
397,יין ויאנג,Yin & Yang,מהם העקרונות הבסיסיים של תורת הין-יאנג?,397,quick_question,,2026-01-29 18:00:00+00,2026-01-29 17:05:43.83851+00
398,יין ויאנג,Yin & Yang,כיצד יין ויאנג מתקיימים יחד ובאיזון?,398,quick_question,,2026-01-29 18:00:00+00,2026-01-29 17:05:43.83851+00
399,יין ויאנג,Yin & Yang,מהם הסימנים של עודף יאנג?,399,quick_question,,2026-01-29 18:00:00+00,2026-01-29 17:05:43.83851+00
400,יין ויאנג,Yin & Yang,כיצד מזהים חוסר יין?,400,quick_question,,2026-01-29 18:00:00+00,2026-01-29 17:05:43.83851+00
401,יין ויאנג,Yin & Yang,מהו הקשר בין יין-יאנג לזמנים ביום?,401,quick_question,,2026-01-29 18:00:00+00,2026-01-29 17:05:43.83851+00
402,יין ויאנג,Yin & Yang,כיצד יין ויאנג מתבטאים בגוף?,402,quick_question,,2026-01-29 18:00:00+00,2026-01-29 17:05:43.83851+00
403,יין ויאנג,Yin & Yang,מהי חשיבות האיזון בין יין ליאנג?,403,quick_question,,2026-01-29 18:00:00+00,2026-01-29 17:05:43.83851+00
404,יין ויאנג,Yin & Yang,כיצד מטפלים בחוסר יאנג?,404,quick_question,,2026-01-29 18:00:00+00,2026-01-29 17:05:43.83851+00
405,יין ויאנג,Yin & Yang,מהם המזונות שמזינים יין או יאנג?,405,quick_question,,2026-01-29 18:00:00+00,2026-01-29 17:05:43.83851+00
406,יין ויאנג,Yin & Yang,כיצד יין-יאנג משפיעים על הרגשות?,406,quick_question,,2026-01-29 18:00:00+00,2026-01-29 17:05:43.83851+00
407,יין ויאנג,Yin & Yang,מהו הקשר בין יין-יאנג למחלות כרוניות?,407,quick_question,,2026-01-29 18:00:00+00,2026-01-29 17:05:43.83851+00
408,יין ויאנג,Yin & Yang,כיצד מאבחנים דפוסי יין-יאנג?,408,quick_question,,2026-01-29 18:00:00+00,2026-01-29 17:05:43.83851+00
409,יין ויאנג,Yin & Yang,מהם הנקודות לחיזוק יין?,409,quick_question,,2026-01-29 18:00:00+00,2026-01-29 17:05:43.83851+00
410,יין ויאנג,Yin & Yang,כיצד מגרשים קור (יין עודף)?,410,quick_question,,2026-01-29 18:00:00+00,2026-01-29 17:05:43.83851+00
411,יין ויאנג,Yin & Yang,מהי הגישה להחלפת יין ויאנג במחלות חמורות?,411,quick_question,,2026-01-29 18:00:00+00,2026-01-29 17:05:43.83851+00